{"cameraMode":{"drawMode":0,"name":"Shaded","section":"Shading Mode"},"sceneLighting":false,"audioPlay":false,"sceneViewState":{"showFog":true,"showMaterialUpdate":false,"showSkybox":false,"showFlares":true,"showImageEffects":true,"showParticleSystems":true},"in2DMode":false,"pivot":{"x":16.73999786376953,"y":4.310000419616699,"z":0.0},"rotation":{"x":0.02130470797419548,"y":0.017398212105035783,"z":-0.0003708252334035933,"w":0.9996216297149658},"size":160.04148864746095,"orthographic":false}