{"cameraMode":{"drawMode":0,"name":"Shaded","section":"Shading Mode"},"sceneLighting":false,"audioPlay":false,"sceneViewState":{"showFog":true,"showMaterialUpdate":false,"showSkybox":false,"showFlares":true,"showImageEffects":true,"showParticleSystems":true},"in2DMode":false,"pivot":{"x":-14.551003456115723,"y":-6.510974884033203,"z":0.0},"rotation":{"x":0.00780866015702486,"y":0.014402087777853012,"z":-0.00011249677481828257,"w":0.9998658299446106},"size":2.3566715717315676,"orthographic":false}